,date,hashtags,content,user,url
0,2022-10-10 10:37:55+00:00,,"Bolsonaro corrupto Ã© mais que realidade. Ã‰ sÃ³ nÃ£o ter interferÃªncia que muita coisa vai aparecer, a mais nova Ã© o BOLSOLÃƒO DO ASFALTO",https://twitter.com/ErnesthoDados,https://twitter.com/ErnesthoDados/status/1579420961031737344
1,2022-10-10 09:57:47+00:00,['GoogleAnalytics4'],https://t.co/mnBljTmvnF â€” A anÃ¡lise de campanhas Ã© importante para que seja possÃ­vel verificar a eficiÃªncia do planejamento realizado. Veja algumas dicas de como realizar essas anÃ¡lises no #GoogleAnalytics4,https://twitter.com/dircienciadados,https://twitter.com/dircienciadados/status/1579410859100499969
2,2022-10-10 09:47:01+00:00,"['datascience', 'estocÃ¡stico', 'medicina', 'biologia', 'bioinformÃ¡tica', 'matemÃ¡tica', 'ciÃªnciadedados']","Modelos estocÃ¡sticos em medicina e biologia: alguns insights
#datascience #estocÃ¡stico #medicina #biologia #bioinformÃ¡tica #matemÃ¡tica #ciÃªnciadedados  
https://t.co/vm5biQkTcG",https://twitter.com/Biomathematic15,https://twitter.com/Biomathematic15/status/1579408148116692992
3,2022-10-10 03:05:32+00:00,,"@BlogDoGarone Ã‰, eu achava que o cabeÃ§a de um time de scouts devia ser alguÃ©m da CiÃªncia de Dados, mas tem que ser o contrÃ¡rio

alguÃ©m envolvido com futebol comandar uma pessoa da CiÃªncia de Dados para pedir as melhores informaÃ§Ãµes pra ele

Muitas coisas fizeram eu mudar de ideia+",https://twitter.com/sakt_psd,https://twitter.com/sakt_psd/status/1579307114589134848
4,2022-10-10 01:44:20+00:00,,"@BCS_LoL NÃ£o tem como ignorar a filosofia, sempre que os nÃºmeros te devolvem informaÃ§Ã£o eles trazem a lÃ³gica junto que pode ser ignorada muita das vezes por falta de atenÃ§Ã£o ou de conhecimento, Ã© uma das maravilhas da ciÃªncia de dados Ã© que a ciÃªncia pode ser literalmente qualquer coisa.",https://twitter.com/wizardkiracoach,https://twitter.com/wizardkiracoach/status/1579286676857188352
5,2022-10-09 21:17:47+00:00,,@afroditekss @_LobisomemPidao Eu na prova de ciÃªncia de dados assim,https://twitter.com/_MayaraFelix_,https://twitter.com/_MayaraFelix_/status/1579219599144673280
6,2022-10-09 14:50:12+00:00,"['CiÃªnciaDeDados', 'DataScience', 'estatÃ­stica', 'statistics', 'MachineLearning', 'AI', 'IA']","Voltando a falar sobre CiÃªncia de Dados, indico seguirem o Prof. @FranciscoICMC , que tem um canal com excelente conteÃºdo aqui: https://t.co/Q4nsja86wV

#CiÃªnciaDeDados #DataScience #estatÃ­stica #statistics #MachineLearning #AI #IA https://t.co/FdjmBudzMW",https://twitter.com/ricgrego,https://twitter.com/ricgrego/status/1579122061804736512
7,2022-10-09 14:14:58+00:00,,"@diadetretas Acha HAUSHAHA Ã© algo que sempre quis, mas tomou um certo tempo pra ter coragem. 

E nossa, que legal! Eu cogitei trabalhar com ciÃªncia de dados, mas nÃ£o sei se levaria jeito AHSUHA oq vc diz da Ã¡rea?",https://twitter.com/yezisenpai,https://twitter.com/yezisenpai/status/1579113194857312257
8,2022-10-09 11:56:43+00:00,,"Ã‰ bizarro como ao vir para o curso de ""ciÃªncias"" econÃ´micas eu cheguei no momento em que menos estudo economia em minha vida. AtÃ© agora o que estudei no curso foi marketing, psicologia para o charlatanismo, ciÃªncia de dados (aÃ­ sem as aspas) e muita contabilidade.",https://twitter.com/FelipeLVieira,https://twitter.com/FelipeLVieira/status/1579078403612737537
9,2022-10-09 09:30:10+00:00,,"@HaddadDebochado Concordo.
Tudo o que ele faz Ã© planejado com ciÃªncia de dados",https://twitter.com/AbcComunista,https://twitter.com/AbcComunista/status/1579041523257446400
10,2022-10-09 01:58:52+00:00,,@besoura1 AMIGA EU SOU ASSIM COM CIÃŠNCIA DE DADOS,https://twitter.com/checherrybomb,https://twitter.com/checherrybomb/status/1578927949528518656
11,2022-10-08 22:02:17+00:00,,"O hype recente em tech tÃ¡ mt em CiÃªncia de Dados, mas seguranÃ§a Ã© uma Ã¡rea que ainda vai dar muita grana que tambÃ©m sÃ³ tende a crescer no futuro https://t.co/MdooEB4X8m",https://twitter.com/eletric_dream,https://twitter.com/eletric_dream/status/1578868411655806976
12,2022-10-08 19:27:56+00:00,,Queria ter o empoderamento de um engenheiro com pÃ³s em ciÃªncia de dados pra questionar a sabedoria dos estatÃ­sticos do datafolha,https://twitter.com/sanfraninha,https://twitter.com/sanfraninha/status/1578829566206173185
13,2022-10-08 19:22:46+00:00,,"ğŸ‘¨â€ğŸ« Foi professor visitante na Universidade de Warwick, na Inglaterra, e Ã© pesquisador nÃ­vel 1D do CNPq desde 2011.

ğŸ‘¨â€ğŸ’» Tem experiÃªncia em CiÃªncia de Dados Complexos, tendo publicado mais de 110 artigos que jÃ¡ foram citados mais de 7.000 vezes, alÃ©m de ser...",https://twitter.com/cepidcemeai,https://twitter.com/cepidcemeai/status/1578828265737039872
14,2022-10-08 19:22:45+00:00,,"ğŸ“š Formado em FÃ­sica Computacional, com mestrado e doutorado na mesma Ã¡rea pelo IFSC-USP, Francisco Ã© pesquisador de CiÃªncia de Dados e Sistemas Complexos e coordenador da Empresa JÃºnior do @icmc_usp.",https://twitter.com/cepidcemeai,https://twitter.com/cepidcemeai/status/1578828263761547264
15,2022-10-08 14:46:27+00:00,,"OlÃ¡, prazer! ğŸ¤—
- Sou estudante de CiÃªncia de Dados, Marketing, InglÃªs e GestÃ£o Profissional e Empresarial
- Criei uma pÃ¡gina do twitter para postar insights de trechos literÃ¡rios https://t.co/OllFLU9MLW",https://twitter.com/fael50553,https://twitter.com/fael50553/status/1578758729373143040
16,2022-10-08 14:27:54+00:00,"['portfolio', 'projetos', 'datascience', 'datascienceacademy']","7 Bibliotecas de CiÃªncia de Dados Para Construir Seu PortfÃ³lio de Projetos

https://t.co/bKWeOhqpNG

#portfolio #projetos #datascience #datascienceacademy https://t.co/P8M5ouSF6u",https://twitter.com/dsacademybr,https://twitter.com/dsacademybr/status/1578754059334746113
17,2022-10-08 14:21:42+00:00,,"@Viniciusqn99Q CiÃªncia de dados esta em alta demanda e como qualquer coisa em TI Ã© bem mais fÃ¡cil. Todas as provÃ­ncias tem programas especiais pra trazer gente de TI, por exemplo esse de BC https://t.co/z4geGNXAvu
Financas dependendo do q tu quer fazer Ã© regulamentado, tem q ter certificaÃ§Ã£o",https://twitter.com/felipe_yyc,https://twitter.com/felipe_yyc/status/1578752500941090818
18,2022-10-08 13:57:11+00:00,,"@felipe_yyc Felipe, como Ã© o processo de imigraÃ§Ã£o para quem quer trabalhar com FinanÃ§as ou CiÃªncia de Dados?",https://twitter.com/Viniciusqn99Q,https://twitter.com/Viniciusqn99Q/status/1578746332042653697
19,2022-10-08 12:28:48+00:00,,"81/ Footprint Data U$2,65 milhÃµes

Uma das plataformas de anÃ¡lise de dados blockchain mais poderosas e flexÃ­veis, construÃ­das nas abordagens e ferramentas de ciÃªncia de dados mais relevantes.

ğŸ‘‡ https://t.co/qETzf7TfFD",https://twitter.com/lfccripto,https://twitter.com/lfccripto/status/1578724087366529024
20,2022-10-08 10:20:17+00:00,"['cienciadedados', 'estatistica', 'sondagem', 'datascience', 'statistics', 'podcast', 'spotify', 'TuneIn']","Daniel Kahneman em ""pensa rÃ¡pido e devagar"" traz para atenÃ§Ã£o nossa dificuldades de pensar em termos de estatÃ­stica; em Noise ....
#cienciadedados #estatistica #sondagem #datascience #statistics #podcast #spotify #TuneIn
https://t.co/QSiaX4jnRv",https://twitter.com/JorgeGPires,https://twitter.com/JorgeGPires/status/1578691744895377408
21,2022-10-08 05:55:45+00:00,,"Ficar fluente em inglÃªs e francÃªs, ler todos do Cortella e da Agatha Christie , aprender sax, dormir e me alimentar bem, aprender ciÃªncia de dados, alimentar os dog caramelo e beber cerveja fim de semana... Num dÃ¡. https://t.co/QOgpwTfcxP",https://twitter.com/wilkengandra,https://twitter.com/wilkengandra/status/1578625172151861248
22,2022-10-08 00:45:59+00:00,,Meta: estudar tanto ciÃªncia de dados que vou conseguir montar uns cursos gratuitos de qualidade pra ministrar.,https://twitter.com/ntimesgurgel,https://twitter.com/ntimesgurgel/status/1578547216788033541
23,2022-10-08 00:33:48+00:00,,"@pemmello @Burgos Essa Ã© uma ideia excelente. Eu nÃ£o tenho a menor ideia como fazer isso, nÃ£o manjo de ciÃªncia de dados. Se soubesse, teria o maior prazer em contribuir para fazermos essa anÃ¡lise.",https://twitter.com/estevanato,https://twitter.com/estevanato/status/1578544150630174721
24,2022-10-07 21:56:19+00:00,,"@igormagalhaesr inclusive sabe se prog orientada a objetos no python Ã© ""importante"" pra ciÃªncia de dados? Me dou muito melhor com a procedural",https://twitter.com/naruh_,https://twitter.com/naruh_/status/1578504518358405121
25,2022-10-07 21:54:31+00:00,,"@igormagalhaesr acho que jÃ¡ Ã© a terceira vez que vocÃª fala isso kkakaksk, tomara que abra algumas vagas de estÃ¡gio (queria de ciencia de dados, pelo menos vou ter emprego)",https://twitter.com/naruh_,https://twitter.com/naruh_/status/1578504066975813632
26,2022-10-07 20:40:12+00:00,,"@ProfVitorSoares Boa! Matou a pau! Como formando em ciÃªncia de dados, no meu caso, o maior aprendizado Ã© de que nada adianta o aprendizado se nÃ£o for aplicado em prol da sociedade, afinal de contas, vivemos na era da informaÃ§Ã£o e alguÃ©m precisa ajudar a garantir consistÃªncia nessa bagaÃ§a! rs",https://twitter.com/rafaelsvalle,https://twitter.com/rafaelsvalle/status/1578485364838105088
27,2022-10-07 19:15:43+00:00,,Ciencia de dados USP (youtube). https://t.co/PDbt3wvvG3,https://twitter.com/CarlaMa81298192,https://twitter.com/CarlaMa81298192/status/1578464106042241024
28,2022-10-07 18:20:42+00:00,['help'],"se eu jÃ¡ nÃ£o tinha juÃ­zo, imagina sÃ³ estudando estatÃ­stica e ciÃªncia de dados #help",https://twitter.com/fonsecaluts,https://twitter.com/fonsecaluts/status/1578450258967027712
29,2022-10-07 17:43:37+00:00,,odio q eu passei no processo pra 1 curso da google e escolhi ciencia de dados q no fim foi justamwnte a area q eu menos gostei de tecnologia &lt;/3,https://twitter.com/monolulu999,https://twitter.com/monolulu999/status/1578440928204685312
30,2022-10-07 17:29:29+00:00,,@vinilmaccc bom o livro? tÃ´ estudando ciÃªncia de dados tb,https://twitter.com/rodrigodrbs,https://twitter.com/rodrigodrbs/status/1578437367903313920
31,2022-10-07 17:19:45+00:00,,"JÃ¡ estÃ¡ tÃ£o difÃ­cil formar pessoas nestas Ã¡reas de matemÃ¡tica, estatÃ­stica e ciÃªncia de dados e agora um polÃ­tico estÃ¡ querendo criminalizar erros em um tipo de pesquisa que nem deveria ser divulgada na mÃ­dia.

As pessoas deviam votar pelas propostas e nÃ£o fazer voto Ãºtil.",https://twitter.com/cristianekw,https://twitter.com/cristianekw/status/1578434921449738240
32,2022-10-07 16:44:15+00:00,,"Comecei essa semana meu mba na USP em ciÃªncia de dados! Ideia do pessoal do Twitter. Muito obrigada, pessoal. Acho q vai dar boa. Estou muito animada e louca pra voltar pro mercado de trabalho em +- um ano. ğŸ’—",https://twitter.com/mizanzika,https://twitter.com/mizanzika/status/1578425986106130432
33,2022-10-07 15:00:37+00:00,,"@devasiul eita kkk e como foi parar em ciencia de dados ? foi exatamente essas materias que me levaram pra area, antes eu era total humanas",https://twitter.com/GusBruschi13,https://twitter.com/GusBruschi13/status/1578399905000919042
34,2022-10-07 13:43:39+00:00,,"Fiz educaÃ§Ã£o fÃ­sica nÃ£o aprendi nada direito, tÃ´ fazendo ciÃªncia de dados e nÃ£o consigo entender nada",https://twitter.com/nath_nvs,https://twitter.com/nath_nvs/status/1578380537772769280
35,2022-10-07 02:00:14+00:00,"['mtitecnologia', 'DataScience']",A importÃ¢ncia da CiÃªncia de Dados na era digital https://t.co/ggE14kaHpV #mtitecnologia #DataScience https://t.co/s1P4nXbzKQ,https://twitter.com/MTITECNOLOGIARS,https://twitter.com/MTITECNOLOGIARS/status/1578203517394763779
36,2022-10-07 01:37:11+00:00,,@xotadealegria @effyclub @belinhagiI ciencia de dados,https://twitter.com/xingshu78709338,https://twitter.com/xingshu78709338/status/1578197715216830464
37,2022-10-07 01:32:42+00:00,,@algumhenrique to fazendo pos de ciencia de dados ğŸ™ƒ,https://twitter.com/feccorrea_,https://twitter.com/feccorrea_/status/1578196588568059904
38,2022-10-07 01:32:27+00:00,,@iamthedonnie @garotacomentaa @Vanessa48678485 @Ednaldo40314551 @Donniezito7 @MariaVianaDuda @bbbrcomment @felipeneto Nao sabe ciencia de dados ğŸ˜‰,https://twitter.com/andre_smaira,https://twitter.com/andre_smaira/status/1578196523912810497
39,2022-10-07 01:32:02+00:00,,@effyclub @belinhagiI ele faz cursinho intensivo de ciencia da computaÃ§Ã£o ou ciencia de dados algo assim n tenho ctz,https://twitter.com/xotadealegria,https://twitter.com/xotadealegria/status/1578196418715873280
40,2022-10-07 01:13:40+00:00,,metade do meu linkedin ta fazendo o novo mba de ciencia de dados da usp,https://twitter.com/brunadosgatos,https://twitter.com/brunadosgatos/status/1578191798006009856
41,2022-10-07 01:13:24+00:00,,@iamthedonnie @garotacomentaa @Vanessa48678485 @Ednaldo40314551 @Donniezito7 @MariaVianaDuda @bbbrcomment @felipeneto Nossa... desculpe... mas nao faz o menor sentido o que falou... nao se compara uma pandemia ou uma crise com uma Ã©poca sem nenhum problema... desculpe mas nÃ£o... pesquise melhor sobre ciÃªncia de dados e ciÃªncia polÃ­tica...,https://twitter.com/andre_smaira,https://twitter.com/andre_smaira/status/1578191728603181056
42,2022-10-07 01:03:27+00:00,,"Torne-se um profissional de ciÃªncia de dados da OCI

Esta trilha de aprendizado abrange o Oracle Cloud Infrastructure (OCI) Data Science, um serviÃ§o que oferece suporte ao ciclo de vida completo do aprendizado de https://t.co/cWXSifoMYW https://t.co/dqQXXrrm2r",https://twitter.com/gporacle,https://twitter.com/gporacle/status/1578189226293739520
43,2022-10-07 00:09:08+00:00,,vcs sao felizes ou vcs estudam ciencia de dados q nem eu,https://twitter.com/kirishiinya,https://twitter.com/kirishiinya/status/1578175556767531008
44,2022-10-07 00:04:57+00:00,,"Scout forte, ciÃªncia de dados e bons profissionais, Ã© isso que um clube quebrado precisa. Mas enquanto o mÃ©todo de contrataÃ§Ã£o do SPFC for ""ele Ã© ruim, mas o tÃ©cnico conhece o futebol dele"" o SPFC nÃ£o vai pra frente. Isso sem contar as contrataÃ§Ãµes obscuras",https://twitter.com/4nyoh,https://twitter.com/4nyoh/status/1578174506140459008
45,2022-10-06 21:37:36+00:00,"['tecnologia', 'cienciadedados', 'inteligenciadedados', 'datadriven', 'dados', 'marketing', 'analisededados', 'omnicanal', 'consumidor', 'pesquisa', 'desenvolvimento', 'negÃ³cios', 'gestÃ£o', 'data', 'infnet']","#tecnologia #cienciadedados #inteligenciadedados #datadriven #dados #marketing #analisededados #omnicanal #consumidor #pesquisa #desenvolvimento #negÃ³cios #gestÃ£o #data #infnet

https://t.co/R0z9Pmz7eY",https://twitter.com/infnet,https://twitter.com/infnet/status/1578137423527448578
46,2022-10-06 21:13:56+00:00,,"No dia 21/10, ocorre o FAME 22, organizado pelo SALab (@dcc_ufmg) e pelo @Atletico.

Se vocÃª tem interesse em ciÃªncia de dados e quer saber como ela Ã© aplicada no futebol (ou o contrÃ¡rio), garanta jÃ¡ o seu ingresso em: https://t.co/18yc79hlou

+ info: https://t.co/qHjC1nnOSr https://t.co/DV3pJFRgZ0",https://twitter.com/ri_furbino,https://twitter.com/ri_furbino/status/1578131466772484096
47,2022-10-06 20:50:27+00:00,,"@carlosjordy Vcs nÃ£o sabem o que Ã© ciÃªncia, meio ambiente e querem discutir ciÃªncia de dados, estatÃ­stica, medidas de tendÃªncia central e de afastamento. Se liga! Vai trabalhar pelo paÃ­s, algo q nunca fez!",https://twitter.com/martin_lutherj,https://twitter.com/martin_lutherj/status/1578125555815383066
48,2022-10-06 20:25:07+00:00,"['JornadaTech', 'ReactorSaoPaulo', 'Dados', 'Data', 'CienciaDeDados', 'DataScience', 'dev', 'carreira', 'career']","Ãšltimo episÃ³dio ao vivo da #JornadaTech com @cynthiazanoni @DaniMonteiroDBA @marianaalvesbr 

https://t.co/CKqLglgp6K

#ReactorSaoPaulo #Dados #Data #CienciaDeDados #DataScience #dev #carreira #career https://t.co/W0B8japXca",https://twitter.com/VictorDoReactor,https://twitter.com/VictorDoReactor/status/1578119183082328064
49,2022-10-06 19:31:16+00:00,,Como fazer pessoas entenderem que nÃ£o hÃ¡ ciÃªncia de dados SEM OS DADOS,https://twitter.com/l4dynara,https://twitter.com/l4dynara/status/1578105630774083585
50,2022-10-06 19:28:39+00:00,,"Estamos com BOLSA disponÃ­vel no Lab (LPS EESC/USP) para MESTRADO/DOUTORADO em Modelagem de Sistemas DinÃ¢micos utilizando mÃ©todos probabilisticos (basicamente IA e CiÃªncia de Dados)

Se quiser saber mais sobre o dia a dia e do pessoal, sÃ³ mandar DM

https://t.co/lW35TmqtCQ https://t.co/iuy9AFlAuy",https://twitter.com/vvbarth,https://twitter.com/vvbarth/status/1578104969546256384
51,2022-10-06 18:55:43+00:00,,"A pauta de assuntos pra discutir com o psiquiatra amanhÃ£ tÃ¡ bem gostosa: tricotilomania, ansiedade, remÃ©dios, imagem corporal, suicÃ­dio, ciÃªncia de dados.",https://twitter.com/desprofissional,https://twitter.com/desprofissional/status/1578096683464163329
52,2022-10-06 17:43:03+00:00,"['escalalikert', 'cienciadedados', 'datascience', 'comportamento']","6/6 Essas informaÃ§Ãµes estÃ£o no artigo ""The scientific value of numerical measures of human feelings"", publicado na revista Proceedings of the National Academy of Sciences ( PNAS ) de outubro/2022.
https://t.co/2vTlu0OX3U #escalalikert #cienciadedados #datascience #comportamento",https://twitter.com/GabrielGMaluf,https://twitter.com/GabrielGMaluf/status/1578078395338047514
53,2022-10-06 16:38:55+00:00,,"Vai ter painel no @congressocbsoft com TRÃŠS entrevistados pelo Fronteiras!
Engenharia de Software para CiÃªncia de Dados
https://t.co/WCwa26SOAP

LInk para ver no YouTube: https://t.co/6AD3ppGp8q",https://twitter.com/FronteirasES,https://twitter.com/FronteirasES/status/1578062256549646338
54,2022-10-06 16:07:33+00:00,,"@zedeky10 @RenanF33 @philliphonorato @KimKataguiri VocÃª Ã© esforÃ§ado, mano. Tenho fÃ© que em algum momento a ficha vai cair.

Vamos, lÃ¡...

Existe uma tÃ©cnica dentro da Ã¡rea de CiÃªncia de Dados chamada Social Analysis Network, a qual se destina a estudar o comportamento dos relacionamentos de uma rede de qualquer espectro

Cont...",https://twitter.com/98_brunosilva,https://twitter.com/98_brunosilva/status/1578054360814305282
55,2022-10-06 14:24:02+00:00,,@talitastt quando a ansiedade de dados toma conta da ciÃªncia de dados,https://twitter.com/kleinermfisch,https://twitter.com/kleinermfisch/status/1578028312047542272
56,2022-10-06 14:01:17+00:00,['python'],artigo muito legal com dicas de escrita de cÃ³digo de qualidade em #python com foco em ciÃªncia de dados. vale a pena a leitura. https://t.co/LXYmojfU6c,https://twitter.com/devdados101,https://twitter.com/devdados101/status/1578022587510460420
57,2022-10-06 13:16:12+00:00,,"tÃ´ quase largando a quÃ­mica e indo pra Ã¡rea de tecnologia juro

3 anos de tecnÃ³logo e depois encher o cu de curso na Ã¡rea de ciÃªncia de dados

a possibilidade de trabalho remoto e receber em dÃ³lar/euro Ã© o suficiente pra alimentar o sonho",https://twitter.com/lucasquerido,https://twitter.com/lucasquerido/status/1578011240789598208
58,2022-10-06 13:03:37+00:00,,"Confira o artigo mais recente da minha newsletter: Varejo 3.0:                                                           O que Ã©, como Ã© e por que a CiÃªncia de Dados Ã© tÃ£o importante em sua construÃ§Ã£o https://t.co/sD3tKiW4U4 via @LinkedIn",https://twitter.com/ElcioSa98448439,https://twitter.com/ElcioSa98448439/status/1578008073720954880
59,2022-10-06 12:10:24+00:00,,"@carlosjordy VocÃª sabe o que siginifica espaÃ§o amostral, desvio padrÃ£o etc? VocÃª nÃ£o faz ideia de como funciona a ciÃªncia de dados e vem com essa de CPI as pesquisas rapaz.",https://twitter.com/Zumbi___,https://twitter.com/Zumbi___/status/1577994683791380482
60,2022-10-06 10:13:01+00:00,,"@Estaciando ciÃªncia de dados, quase td av1 feita",https://twitter.com/carolfurtsant,https://twitter.com/carolfurtsant/status/1577965140225380353
61,2022-10-06 04:56:51+00:00,,"O cara diz que trabalha com sistema de informaÃ§Ã£o, engenharia de software, ciÃªncia de dados e anÃ¡lise de comportamento MAS ACREDITA QUE VÃƒO FRAUDAR AS URNAS ELETRÃ”NICAS QUE NEM SÃƒO LIGADAS NA INTERNET ğŸ˜‚ğŸ˜‚ğŸ˜‚ğŸ˜‚ğŸ˜‚ğŸ˜‚ğŸ˜‚ğŸ˜‚ğŸ˜‚ğŸ˜‚ğŸ˜‚ğŸ˜‚ğŸ˜‚ğŸ˜‚ğŸ˜‚ğŸ˜‚ğŸ˜‚ğŸ˜‚ğŸ˜‚ğŸ˜‚ğŸ˜‚ğŸ˜‚ğŸ˜‚ğŸ˜‚ğŸ˜‚ğŸ˜‚ğŸ˜‚ğŸ˜‚ğŸ˜‚ğŸ˜‚ğŸ˜‚ğŸ˜‚ğŸ˜‚ğŸ˜‚ğŸ˜‚ğŸ˜‚ğŸ˜‚ğŸ˜‚ğŸ˜‚",https://twitter.com/edudiz,https://twitter.com/edudiz/status/1577885575901847553
62,2022-10-06 04:16:28+00:00,,"TÃ´ brincando aqui com meu R e dados totalmente apolÃ­ticos, sÃ³ pra treinar ciÃªncia de dados e estatÃ­stica mesmo. Acima vocÃª pode ver o tamanho do orÃ§amento secreto do Jair Bolsonaro e abaixo o montante do mensalÃ£o. https://t.co/7qOAa86T01",https://twitter.com/renantomazini,https://twitter.com/renantomazini/status/1577875410511183876
63,2022-10-06 03:56:42+00:00,,"@BrasilFiqueSabe @jairbolsonaro nÃ£o precisa ser expert em linguagem de programaÃ§Ã£o, mas com o mÃ­nimo de ciÃªncia de dados vc jÃ¡ vÃª que os dados dele nÃ£o batem, segundo a tabelinha dele, aos 84% o Lula jÃ¡ tava com 48% de votos, mas na realidade aos 85% ele estava com 46,6% https://t.co/YUjzdvfmJK",https://twitter.com/rick_sixteen,https://twitter.com/rick_sixteen/status/1577870439673729025
64,2022-10-06 02:46:29+00:00,,"nordestina ğŸ™‹ğŸ¾â€â™€ï¸graduaÃ§Ã£o em cybersecurity, pÃ³s em arquitetura de software, ciÃªncia de dados e (de novo) cybersecurity, voto em lula",https://twitter.com/_cfari,https://twitter.com/_cfari/status/1577852766294343680
65,2022-10-06 01:20:28+00:00,,@o_gabsferreira ConheÃ§o alguns case de ciencia de dados nÃ£o bem feitas hahaha,https://twitter.com/Kha_Mul,https://twitter.com/Kha_Mul/status/1577831119352987648
66,2022-10-05 23:47:15+00:00,,"@ogui_miranda @loremimpsu Eu comecei a estudar ciÃªncia de dados a pouco tempo, nÃ£o vejo no LinkedIn tantas vagas, contudo a projeÃ§Ã£o de vagas para essa Ã¡rea para os prÃ³ximos anos Ã© absurda",https://twitter.com/ThulioSoares3,https://twitter.com/ThulioSoares3/status/1577807661097164801
67,2022-10-05 23:45:08+00:00,,"assistindo um workshop sobre IA e ciÃªncia de dados. essa porra Ã© do caralho, sei nem como nÃ£o comecei a estudar isso antes e para alÃ©m do que estou estudando com a matÃ©ria de IA deste semestre na faculdade",https://twitter.com/grilocomunista,https://twitter.com/grilocomunista/status/1577807131222462469
68,2022-10-05 23:23:09+00:00,,"As matÃ©rias do cÃ£o que to devendo: 
 -CÃ¡lculo I  (ia dispensar mas perdi o prazo)
- Projeto e Analise de Algoritmo  (n fiz no periodo regular pq tomei pau numa materia que travava essa)
- Pesquisa Operacional  (tomei pau de burice)
- CiÃªncia de Dados  (era pra dever so essa!!)",https://twitter.com/alinerussian,https://twitter.com/alinerussian/status/1577801596469141506
69,2022-10-05 23:12:51+00:00,,A advocacia de volume com o uso de ciÃªncia de dados https://t.co/I8mmS7WNPR via @Jusbrasil,https://twitter.com/silviosoaress,https://twitter.com/silviosoaress/status/1577799004653494272
70,2022-10-05 23:11:46+00:00,,"O que tu cursa? 
EstatÃ­stica/CiÃªncia de dados
Ah tu vai trabalhar no IBGE nÃ©
 ğŸ¤¡",https://twitter.com/eogabrielnunes,https://twitter.com/eogabrielnunes/status/1577798732942295041
71,2022-10-05 22:38:04+00:00,,se aprofundando aos pouquinhos na ciÃªncia de dados,https://twitter.com/jaansen__,https://twitter.com/jaansen__/status/1577790250721714177
72,2022-10-05 22:06:09+00:00,"['azure', 'l']","O time de Engenharia e CiÃªncia de Dados da Datasource Expert esteve presente no Azure Databricks Lakehouse Labs com o objetivo de equalizar o conhecimento sobre a plataforma e aperfeiÃ§oar nossas entregas em clientes.
Foi top demais essa manhÃ£!

 #azure #lâ€¦https://t.co/zhvQrKTy0z",https://twitter.com/vithordasilva,https://twitter.com/vithordasilva/status/1577782217505390593
73,2022-10-05 21:17:53+00:00,"['fspusp', 'usp', 'comunidade', 'doula', 'perinatal', 'dados', 'cienciadedados']","Curso a distÃ¢ncia, com a Profa. Carmen Simone Grilo Diniz. De 18/10/2022 a 17/11/2022. 
InscriÃ§Ãµes atÃ© 09/10. 
FormulÃ¡rio de inscriÃ§Ãµes: https://t.co/Zc0YUDk127

#fspusp #usp #comunidade #doula #perinatal #dados #cienciadedados https://t.co/YpRXIqKOqG",https://twitter.com/fsp_usp,https://twitter.com/fsp_usp/status/1577770073850318849
74,2022-10-05 18:22:08+00:00,,"Queria aprender mercado financeiro com o jose koburi, mas porra 2k o curso ğŸ˜­ğŸ˜­ğŸ˜­ vou correr atras da minha ciÃªncia de dados primeiro",https://twitter.com/seldsumside,https://twitter.com/seldsumside/status/1577725843270352897
75,2022-10-05 16:11:26+00:00,,"As credenciais do especialista que, alÃ©m de mÃ©dico pela UFPR, Ã© mestrando em InteligÃªncia Artificial para a SaÃºde na UniversitÃ© Grenoble Alpes (FR) e lÃ­der de ciÃªncia de dados no MIL SÃªnior, laboratÃ³rio de inovaÃ§Ã£o da MedSÃªnior, (...)",https://twitter.com/spradiologia,https://twitter.com/spradiologia/status/1577692953799180288
76,2022-10-05 15:39:07+00:00,,"No episÃ³dio de hoje, eu, a @andreiamlolive e o @BrunoMSFonseca tivemos a oportunidade de falar com o @DiogoNLeite sobre ciÃªncia de dados e saÃºde ğŸ¤© O episÃ³dio estÃ¡ disponÃ­vel aqui: https://t.co/WUSpxkcrIa https://t.co/YGOE0GfjyA",https://twitter.com/marianadv___,https://twitter.com/marianadv___/status/1577684817029873666
77,2022-10-05 15:33:51+00:00,,meu prof de ciencia de dados falando que eh cientista de dados ha decadas ja escreveu centenas de modelos etc etc bla bla e ai iterando uma tabela linha por linha ao inves de fazer uma funÃ§ao... academia Eh um evento mesmo,https://twitter.com/juwlwia,https://twitter.com/juwlwia/status/1577683494200811523
78,2022-10-05 15:28:33+00:00,,"Hoje Ã© a primeira de trÃªs sessÃµes que irei lecionar no curso de Fundamentos de Metodologia de Pesquisa e CiÃªncia de Dados do @MichPSM. Vamos comeÃ§ar abordando erro de cobertura. Vou compartilhar um pouco sobre isso, colocando tambÃ©m num contexto de pesquisas prÃ©-eleitorais: ğŸ§µ",https://twitter.com/rnishimura,https://twitter.com/rnishimura/status/1577682160961867776
79,2022-10-05 15:01:29+00:00,"['cienciadedados', 'introduce']","Confira na prÃ¡tica como se beneficiar dos recursos trazidos pela CiÃªncia de Dados em seu negÃ³cio! #cienciadedados #introduce

https://t.co/fxkL6rzns8",https://twitter.com/introduceti,https://twitter.com/introduceti/status/1577675347461644289
80,2022-10-05 14:38:09+00:00,,"Participe da nossa Semana de CiÃªncia de Dados e Engenharia.

O evento, minicursos e feira de projetos serÃ£o abertos ao pÃºblico, realizados em ambiente online e acontecerÃ£o entre os dias 17 e 21 de Outubro.

Para mais informaÃ§Ãµes, acesse o site do evento: https://t.co/pRpIDmWtJX https://t.co/AmftlTCZYr",https://twitter.com/Insper,https://twitter.com/Insper/status/1577669474983055365
81,2022-10-05 14:19:38+00:00,,"@Tsavkko Sabe a ciÃªncia de dados, ela Ã© esquecida qdo se joga no colo dele todas as mortes da pandemia. Qual a influÃªncia direta? Em q grau? HÃ¡ nexo causal? O cara foi um quadrÃºpede em muitos aspectos na pandemia, mas comparado aos paÃ­ses vizinhos, os nÃºmeros do BR sÃ£o semelhantes.",https://twitter.com/vagnerdeazevedo,https://twitter.com/vagnerdeazevedo/status/1577664815472037888
82,2022-10-05 14:19:03+00:00,,"O governador do Rio prefere abraÃ§ar o responsÃ¡vel pelo boicote ao combate da pandemia e por mortes evitÃ¡veis com vacina, o negacionista da ciÃªncia, de dados, o mentiroso compulsivo todo dia desmentido, o desmontador de polÃ­ticas pÃºblicas, o patrÃ£o do retrocesso. Deve ser igual.",https://twitter.com/beatrizdiniz,https://twitter.com/beatrizdiniz/status/1577664671439622144
83,2022-10-05 13:41:45+00:00,,"@calistogalillei @fighttotheend1 @UOLEconomia NÃ£o, mas tenho capacitaÃ§Ã£o em filosofia, matematica, fisica, sei eletrica, logistica, administraÃ§Ã£o, cosplay, tenho corpo pra enganar macho pervetido, programaÃ§Ã£o, ciencia de dados, web development e desenvolvimento android. VocÃª escolhe, mestrado ou um curriculo desses.",https://twitter.com/drctmsgless,https://twitter.com/drctmsgless/status/1577655281609228288
84,2022-10-05 13:30:50+00:00,"['DataScience', 'dataScientist', 'cienciaDeDados']","Pessoal, vaguinha afirmativa como Cientista de Dados aqui ğŸ‘‡ğŸ‘‡ğŸ‘‡

@ViUmaVaga #DataScience #dataScientist #cienciaDeDados https://t.co/8NoGK1wScQ",https://twitter.com/LeonardoCaVi,https://twitter.com/LeonardoCaVi/status/1577652535124525056
85,2022-10-05 12:59:20+00:00,"['inovaÃ§Ã£o', 'startups', 'Software', 'cienciadedados']","AtÃ© 1 milhÃ£o de reais para startups desenvolverem pesquisa tecnolÃ³gica em projetos relacionados Ã  Internet aplicada: https://t.co/L2uA82kFpV
Participe do webinar de esclarecimentos sobre a chamada: https://t.co/v4z7e5XfsI
#inovaÃ§Ã£o #startups #Software #cienciadedados https://t.co/Byf3axino2",https://twitter.com/FabioKon,https://twitter.com/FabioKon/status/1577644609974505474
86,2022-10-05 12:56:48+00:00,,@d4nimarques @mantunespb @RobertooAraujo contabilidade e ciÃªncia de dados,https://twitter.com/l1maneto,https://twitter.com/l1maneto/status/1577643969751703552
87,2022-10-05 12:34:12+00:00,,"gente, minha namorada (que nÃ£o tem twitter) tÃ¡ procurando trampo na Ã¡rea de ciÃªncia de dados, de preferÃªncia remoto, se alguÃ©m souber de algo, dÃ¡ aquele salve pls 
a cada RT o Lula ganha um voto",https://twitter.com/sorvetedegin,https://twitter.com/sorvetedegin/status/1577638284829900805
88,2022-10-05 11:47:44+00:00,"['datascience', 'cienciadedados', 'artificialintelligence']","â€œMeehlâ€™s results strongly suggest that any satisfaction you felt with the quality of your judgment was an illusion: the illusion of validity.â€ 
#datascience #cienciadedados #artificialintelligence

https://t.co/McTuUL8YXh",https://twitter.com/JorgeGPires,https://twitter.com/JorgeGPires/status/1577626587498962946
89,2022-10-05 10:46:47+00:00,"['desenvolvedores', 'php', 'java', 'javascript']","Programa de bolsas da Unimed-BH para profissionais de ciÃªncia de dados tem inscriÃ§Ãµes prorrogadas

Ajuda aÃ­, nos segue!

#desenvolvedores #php #java #javascript

https://t.co/rGrDBRFwDA",https://twitter.com/Infodeveloperbr,https://twitter.com/Infodeveloperbr/status/1577611251806519296
90,2022-10-05 01:42:00+00:00,,"Um trabalho em CiÃªncia de Dados espetacular aplicado no mundo do Xadrez. Acompanho o canal do @rafaelvleite hÃ¡ alguns anos e as anÃ¡lises que ele fez do caso Hans Niemann chegaram atÃ© o Hikaru Nakamura. ConteÃºdo denso e rico em achados!

https://t.co/YTjnckmggi",https://twitter.com/renanxcortes,https://twitter.com/renanxcortes/status/1577474153514692608
91,2022-10-04 23:49:31+00:00,,"FaÃ§am esse fio chegar Ã  campanha do @LulaOficial. @ptbrasil @AndreJanonesAdv @gleisi @felipeneto @esuplicy @eduardomoreira

Isso Ã© ciÃªncia de dados. https://t.co/d3I6wMG24H",https://twitter.com/NetoHermesBA,https://twitter.com/NetoHermesBA/status/1577445842499280897
92,2022-10-04 23:33:08+00:00,,"@ranayans Que lindo ğŸ¥ºğŸ˜­ğŸ’œ

Isso serviu pra mim que fiquei num desÃ¢nimo sÃ³ depois que entrei num curso de ciÃªncia de dados e tudo era TAO corrido e sem tempo pra respirar que entrei numa sÃ­ncope nervosa e nÃ£o consegui mais estudar :( foquei no meu negÃ³cio e esqueci TI",https://twitter.com/hellababx,https://twitter.com/hellababx/status/1577441721905860608
93,2022-10-04 22:53:35+00:00,,"@ElSorvete Queria trabalhar com jogo ou comission kkkk, mas se nao der certo vou de ciencia de dados ou programaÃ§Ã£o",https://twitter.com/Darthvaldinho,https://twitter.com/Darthvaldinho/status/1577431766683750400
94,2022-10-04 22:18:07+00:00,['ForÃ§aGuerreira'],"Aula magna do curso de CiÃªncia de Dados da XP EducaÃ§Ã£o. SÃ³ tem 1%  de alunos da regiÃ£o norte (de 147 pessoas!) . EntÃ£o, acho que sou eu, nÃ©? #ForÃ§aGuerreira https://t.co/kjwWNaze7g",https://twitter.com/only_code_saves,https://twitter.com/only_code_saves/status/1577422844912287745
95,2022-10-04 21:23:18+00:00,,"@DiogoCortiz Sensacional, Diogo! FaÃ§o ciÃªncia de dados na FGV, e hoje mesmo estudei alguns modelos GAN para geraÃ§Ã£o de imagens. Muito louco (e amedrontador) pensar nas consequÃªncias para a democracia.",https://twitter.com/jp_donasolo,https://twitter.com/jp_donasolo/status/1577409048227373056
96,2022-10-04 20:59:22+00:00,,@VascodaGama Em plena era da ciÃªncia de dados e o Jorginho insiste no Raniel. SÃ³ poder ser a fÃ© do homem em achar que um cara ruim pode se redimir em campo.,https://twitter.com/itisrenan,https://twitter.com/itisrenan/status/1577403023059361794
97,2022-10-04 19:59:24+00:00,,e se eu trancar microeconomia matemÃ¡tica financeira ciÃªncia de dados direito constitucional sociologia das organizaÃ§Ãµes projeto aplicado I administraÃ§Ã£o pÃºblica e teoria polÃ­tica,https://twitter.com/fadigade,https://twitter.com/fadigade/status/1577387934424207362
98,2022-10-04 19:18:27+00:00,,"Dia 21/10 o AtlÃ©tico e o SALab DCC-UFMG irÃ£o realizar a primeira ediÃ§Ã£o do FAME (Football Analytics Modelling &amp; Experience). O encontro irÃ¡ abordar as diversas aplicaÃ§Ãµes e desafios da ciÃªncia de dados no futebol, com vÃ¡rios profissionais e acadÃªmicos da Ã¡rea. https://t.co/KuCTurzecg",https://twitter.com/hugoriosneto,https://twitter.com/hugoriosneto/status/1577377627685404694
99,2022-10-04 19:15:10+00:00,,"Hoje eu tirei o dia para escutar alguns podcasts de ciÃªncia de dados e afins e eu me reparei com um Podcast do @letsdataAI com o @mariofilhoml e meu deus do cÃ©u que conversa sensacional que eles tiveram, eu nÃ£o conhecia o Mario mas sÃ³ com esse 1:10 de podcast, ele jÃ¡ ganhou um fÃ£",https://twitter.com/_lucasmelo1,https://twitter.com/_lucasmelo1/status/1577376804087570432
100,2022-10-04 18:43:56+00:00,,@ninadhora Gostaria de ajudar. Trabalho com ciÃªncia de dados. Se jÃ¡ tiver uma orientaÃ§Ã£o do que fazer e precisar de ajuda pode me chamar.,https://twitter.com/joamila,https://twitter.com/joamila/status/1577368943555133451
101,2022-10-04 18:29:43+00:00,,ok agora eh oficial. passei vou ser adm na ciÃªncia de dados brasil ğŸ‰ğŸ‰ğŸ‰ğŸ‰ğŸ‰ https://t.co/xsayJupKy7,https://twitter.com/Idnthunder,https://twitter.com/Idnthunder/status/1577365362546733057
102,2022-10-04 18:21:54+00:00,,"No meu TCC da graduaÃ§Ã£o em CiÃªncia de Dados vai ter uma co-autora: Maria do Amparo. Minha mÃ£e tÃ¡ reclamando mas tÃ¡ passando meu cafezinho de estudos, como fez na minha outra graduaÃ§Ã£o e na escrita da dissertaÃ§Ã£o de mestrado, da tese de doutorado e de cada artigo que escrevo.",https://twitter.com/lichangshuen,https://twitter.com/lichangshuen/status/1577363398794297367
103,2022-10-04 17:48:58+00:00,,"@dinheuros Vi sua thread sobre cursos.

Peguei a assinatura da EIA do Fernando amaral, tÃ´ adorando a trilha de CiÃªncia de Dados.

GratidÃ£o pela indicaÃ§Ã£o",https://twitter.com/vini_oak_,https://twitter.com/vini_oak_/status/1577355107913580554
104,2022-10-04 17:18:46+00:00,,"PolÃ­ticas pÃºblicas? Pandemia? Democracia? Negacionismo da ciÃªncia, de dados, de fatos? Cortes no orÃ§amento de polÃ­ticas pÃºblicas sociais? OrÃ§amento secreto que Ã© corrupÃ§Ã£o? NÃ£o, importante na  eleiÃ§Ã£o pra presidente Ã© o satanismo inventado pela extrema direita e agora reverso.",https://twitter.com/beatrizdiniz,https://twitter.com/beatrizdiniz/status/1577347509462224899
105,2022-10-04 17:00:02+00:00,"['IA', 'metaverso']","VocÃª estÃ¡ fazendo a diferenÃ§a no mundo da #IA, #metaverso, ciÃªncia de dados e muito mais? Compartilhe suas Ãºltimas descobertas com nossa comunidade e expanda sua rede. Envie sua proposta para uma sessÃ£o ou pÃ´ster do GTC de marÃ§o de 2023 atÃ© 24 de outubro: https://t.co/gGTjzeFozH https://t.co/HH3tZpAPcW",https://twitter.com/NVIDIABrasil,https://twitter.com/NVIDIABrasil/status/1577342794795982848
106,2022-10-04 15:03:26+00:00,,"ConheÃ§am o RegBR lÃ¡ no site do Infogov da Enap, desenvolvido pela turma da CoordenaÃ§Ã£o Geral de CiÃªncia de Dados
https://t.co/njdlYH0k6k",https://twitter.com/lmonasterio,https://twitter.com/lmonasterio/status/1577313449343946756
107,2022-10-04 14:47:56+00:00,,@oinjusticeiro1 @leonardo1opes @derflecha Parece mais torcida do que pesquisa baseada em ciencia de dados.,https://twitter.com/VictorADMiranda,https://twitter.com/VictorADMiranda/status/1577309549903728640
108,2022-10-04 14:02:48+00:00,,"@Felippe_Hermes O fogo, Felipe, Ã© que um dado de apuraÃ§Ã£o feito de maneira tÃ£o torta em termos de deixar esse fluxo de urnas/local bem explÃ­cito na contagem. Falta MUITO alguÃ©m bom em ciÃªncia de dados pra mostrar essa progressÃ£o de forma clara. E nem Ã© tÃ£o difÃ­cil assim",https://twitter.com/cocopi2k22,https://twitter.com/cocopi2k22/status/1577298191984254976
109,2022-10-04 13:25:36+00:00,,"Por fim, vamos turbinar a nossa programÃ§Ã£o aprendendo a pensar com funÃ§Ãµes utilizando a programaÃ§Ã£o funcional do pacote purrr como combustÃ­vel. 
.
Curso R para CiÃªncia de Dados II
10.10 a 27.10.22, segundas e quintas-feiras das 19 Ã s 22h00
Saiba mais em: https://t.co/3QMge2CZ5Q",https://twitter.com/curso_r,https://twitter.com/curso_r/status/1577288829135888385
110,2022-10-04 13:25:14+00:00,,"R para CiÃªncia de Dados II 
O objetivo deste curso Ã© aprofundar os conceitos essenciais de programaÃ§Ã£o em R para CiÃªncia de Dados. A partir de problemas reais de anÃ¡lise de dados, apresentaremos tÃ©cnicas de manipulaÃ§Ã£o de dados para colunas de textos e datas. https://t.co/OPPhIgVhsk",https://twitter.com/curso_r,https://twitter.com/curso_r/status/1577288738522243072
111,2022-10-04 11:54:44+00:00,,@andrei__roman Ainda estou na graduaÃ§Ã£o pra ciÃªncia de dados. A Atlas oferece estÃ¡gios na Ã¡rea?,https://twitter.com/arthur_melo3,https://twitter.com/arthur_melo3/status/1577265962927423489
112,2022-10-04 11:47:33+00:00,,@IrlanSimoes O Irlan todo trabalhado em estatÃ­stica e ciÃªncia de dados https://t.co/pOIIhXMw12,https://twitter.com/guitoscan,https://twitter.com/guitoscan/status/1577264157203628033
113,2022-10-04 11:34:48+00:00,,"@Anaclaudia_mat Bom para vc. Que estuda Ciencia de dados... Rsrs

https://t.co/6951uAMl24",https://twitter.com/TI_Manoel,https://twitter.com/TI_Manoel/status/1577260945356730368
114,2022-10-04 11:17:54+00:00,,"ciÃªncia de dados e back-end sÃ£o Ã¡reas que me atraem muito, por consequÃªncia, uma coisa que me atrai muito Ã© performance. VocÃªs teriam recomendaÃ§Ãµes de livros que foquem em performance?",https://twitter.com/ntimesgurgel,https://twitter.com/ntimesgurgel/status/1577256692433444864
115,2022-10-04 08:41:48+00:00,,"Com a evoluÃ§Ã£o da tecnologia, a CiÃªncia de Dados tem transformado cada vez mais negÃ³cios ao redor do mundo. Para compreender a relevÃ¢ncia que os especialistas nesta ciÃªncia possuem na atualidade, uma pesquisa do Gartner, com mais de 3 mil CIOs, nos

https://t.co/hhjnWs8Rj9",https://twitter.com/BlogdoLago,https://twitter.com/BlogdoLago/status/1577217411782250496
116,2022-10-04 05:24:18+00:00,,sÃ³ hj eu quis seguir carreira em esg ux design data privacy e ciÃªncia de dados mt bom ser eu ğŸ¤ ğŸ¤ª,https://twitter.com/bumnelo1,https://twitter.com/bumnelo1/status/1577167706562134016
117,2022-10-04 03:03:11+00:00,,"Uma dica pro pessoal que trabalha com Dados: leiam Data Science para NegÃ³cios de Provost e Fawcett. Livro bom, tÃ©cnico atÃ© onde se permite ser um livro generalista e muito bem trabalhado nas informaÃ§Ãµes. 

Ajuda muito a quem quer ter ideia do que pesquisar em CiÃªncia de Dados.",https://twitter.com/BCS_LoL,https://twitter.com/BCS_LoL/status/1577132196346748929
118,2022-10-04 02:55:37+00:00,,A importÃ¢ncia da CiÃªncia de Dados na era digital | AmapÃ¡ Digital https://t.co/kjb3I2BNTx,https://twitter.com/Amapadigital,https://twitter.com/Amapadigital/status/1577130288265560065
119,2022-10-04 02:21:38+00:00,,"@delucca @AluraOnline Eu! Mas nunca fiz os de marketing, faÃ§o os de ciÃªncia de dados. SÃ£o muito bons, tanto os conteÃºdos quanto os professores. Ã“tima didÃ¡tica, que Ã© essencial (ou pelo menos para a minha forma de aprendizado ğŸ˜…) em cursos online. A comunidade Ã© boa tambÃ©m, engajada e ajuda bastante.",https://twitter.com/nadilabenedito,https://twitter.com/nadilabenedito/status/1577121737426493442
120,2022-10-04 02:12:51+00:00,,"@digitaaiadressa @cassionline @wmuratori @BrunoEnglerDM @nikolas_dm @cleitinhotmj @RomeuZema Eu tenho credenciais. Sou formado em fÃ­sica, ciÃªncia de dados, mestrado em computaÃ§Ã£o e fazendo phd em computaÃ§Ã£o tambÃ©m. Quais sÃ£o as suas credenciais? Torcedora de futebol ?",https://twitter.com/JGeoffen,https://twitter.com/JGeoffen/status/1577119529670389760
121,2022-10-04 01:52:21+00:00,['nuncaparesdeaprender'],"Espero que meu paÃ­s promulgue uma nova lei de dados pessoais, a anterior tem 22 anos. Mas ei, agora passei no Curso de Ã‰tica e Gerenciamento de Dados para CiÃªncia de Dados e InteligÃªncia Artificial na @platzi
#nuncaparesdeaprender https://t.co/oxtN5ziGZN https://t.co/WfAKriggB3 https://t.co/p8qLD2CZWi",https://twitter.com/ethicsBot_,https://twitter.com/ethicsBot_/status/1577114369200193537
122,2022-10-04 01:47:29+00:00,['NeverStopLearning'],Passei no curso de Ã‰tica e GestÃ£o de Dados para CiÃªncia de Dados e InteligÃªncia Artificial na @Platzi! #NeverStopLearning https://t.co/ITZijy94sK https://t.co/bQcdco1rcs,https://twitter.com/ethicsBot_,https://twitter.com/ethicsBot_/status/1577113143481958403
123,2022-10-04 01:06:11+00:00,,"@jgouvea7 @Edvitao1 @m64626122 @aneglchaves nÃ£o hÃ¡ nada de novo nisso. Pesquisa usa ciÃªncia de dados, e a ciÃªncia nÃ£o Ã© infalÃ­vel, justamente o contrÃ¡rio, Ã© atravÃ©s de falhas como essa que se aprimora e tenta melhorar pras prÃ³ximas. :) Eu prefiro acreditar na ciencia que tem mÃ©todo, do que em qualquer achismo aleatÃ³rio.",https://twitter.com/vncsnaka,https://twitter.com/vncsnaka/status/1577102750394916865
124,2022-10-04 01:04:49+00:00,,@sr_sesshomaru Eu gosto mto de ciencia de dados e softwares pra empresa (n sei bem se isso responde a pergunta),https://twitter.com/Manustdy,https://twitter.com/Manustdy/status/1577102404960780289
125,2022-10-03 23:33:10+00:00,,"@ToninhoPhisica @ea_sato Eu queria fazer bacharel na USP, mas muito provavelmente ou eu iria trabalhar com algo relacionado a ciÃªncia de dados ou algo nÃ£o relacionado ao curso em geral, entÃ£o optei pela licenciatura por causa da demanda de professores de fÃ­sica nÃ­vel mÃ©dio ser alta e mesmo assim eu +",https://twitter.com/itsukiedu,https://twitter.com/itsukiedu/status/1577079343322259456
126,2022-10-03 23:14:10+00:00,,"@st4rg4ll CiÃªncia de dados e inteligÃªncia artificial 
O coitado n gosta de matemÃ¡tica e tÃ¡ pagando todos os cÃ¡lculos",https://twitter.com/Ehobrunin,https://twitter.com/Ehobrunin/status/1577074560457142272
127,2022-10-03 22:52:02+00:00,,"que frio chato! 
mas a minha ciÃªncia de dados, me diz, que pela massa Ãºmida perdida Ã  partir do equador, Ã  partir do ano que vem, depois de mais essas perdas desse ano, que ainda nÃ£o acabou, em sampa comece a nevar ....",https://twitter.com/jairdbc,https://twitter.com/jairdbc/status/1577068990450790400
128,2022-10-03 21:26:52+00:00,,@knoth_pedro Como assim contra a ciÃªncia de dados?,https://twitter.com/baruqrodrigues,https://twitter.com/baruqrodrigues/status/1577047556160630784
129,2022-10-03 20:48:26+00:00,,"Outra coisa galera, o processo tem 3 trilhas:
- Dados (engenharia dados, ciÃªncia de dados e anÃ¡lise)
- Desenvolvimento
- Design

Bora se inscrever:
https://t.co/MBa75YjpK2",https://twitter.com/lleobatista,https://twitter.com/lleobatista/status/1577037887291289600
130,2022-10-03 20:44:37+00:00,,"Amigos, nÃ£o ataquem os institutos de pesquisa. Ã‰ feio. Ã‰ contra ciÃªncia de dados e contra o bom-senso.

Falar que errou? Pode ser. Mas acertou tambÃ©m. As amostras enfrentaram apagam de Censo, incapazes de medir com precisÃ£o o voto evangÃ©lico. Elas sÃ£o recorte, nÃ£o futurologia.",https://twitter.com/knoth_pedro,https://twitter.com/knoth_pedro/status/1577036923834859520
131,2022-10-03 20:31:55+00:00,"['Eleicoes2022', 'cienciadedados', 'datascience']","""Ao mesmo tempo, representantes dos institutos de pesquisa dizem que as sondagens captam o momento e nÃ£o sÃ£o uma previsÃ£o de futuro.""
#Eleicoes2022 #cienciadedados #datascience 

https://t.co/E1X438IYEM",https://twitter.com/JorgeGPires,https://twitter.com/JorgeGPires/status/1577033728961888257
132,2022-10-03 18:09:24+00:00,,"A importÃ¢ncia da CiÃªncia de Dados na era digital
https://t.co/ZskH57vUuJ",https://twitter.com/grupoimpactoms,https://twitter.com/grupoimpactoms/status/1576997863183130625
133,2022-10-03 18:06:21+00:00,,"Este comando vai te ajudar a criar uma nova secÃ£o no R! Esta aÃ§Ã£o Ã© Ã³tima para organizar e navegar melhor pelo seu documento. 

. 
Acesse o cÃ³digo: https://t.co/QmhEVtvOGy. 

Quer aprender mais sobre R para CiÃªncia de Dados? ConheÃ§a o curso da @curso_r  sobre o assunto! https://t.co/XVaDo3wEnH",https://twitter.com/jtrecenti,https://twitter.com/jtrecenti/status/1576997094250119168
134,2022-10-03 17:34:41+00:00,,vou comeÃ§ar minha pÃ³s em ciÃªncia de dados amanhÃ£ jÃ¡ q dlc ğŸ™ğŸ»ğŸ™ğŸ»ğŸ™ğŸ»,https://twitter.com/akahurley,https://twitter.com/akahurley/status/1576989126435680256
135,2022-10-03 17:25:13+00:00,,"Pesquisadores apresentam aplicaÃ§Ãµes da ciÃªncia de dados em evento na USP
https://t.co/qNqo1uxdH3",https://twitter.com/biblioepusp,https://twitter.com/biblioepusp/status/1576986743961550849
136,2022-10-03 16:58:11+00:00,,"TÃ´ aproveitando o horÃ¡rio do almoÃ§o para fazer uns minicursos lÃ¡ no Linkedin e recapitular alguns conceitos bÃ¡sicos. 

Hoje fiz um introdutÃ³rio Ã  ciÃªncia de dados. 

Essa resposta aqui estÃ¡ equivocada kkk. A menos que seja o melhor lugar para ficar frustrado com previsÃµes. https://t.co/QBjPgBywRi",https://twitter.com/FelipePontesPB,https://twitter.com/FelipePontesPB/status/1576979941430038533
137,2022-10-03 16:53:46+00:00,,@Rconstantino Boa desculpa para sua limitaÃ§Ã£o de capacidade para entendimento da estatÃ­stica e da ciÃªncia de dados! Simplesmente nÃ£o entende ou realmente Ã© mal intencionado!!!,https://twitter.com/TFSBr,https://twitter.com/TFSBr/status/1576978828399820802
138,2022-10-03 16:51:38+00:00,['DataScience'],"A importÃ¢ncia da CiÃªncia de Dados na era digital 

https://t.co/ryjGIQLM65 

#DataScience",https://twitter.com/cienciaedados,https://twitter.com/cienciaedados/status/1576978294230040583
139,2022-10-03 16:38:33+00:00,,"@dimacgarcia @dimacgarcia  posso tirar uma duvido sobre cursos, ciÃªncia de dados, poderia falar comigo aqui no direct",https://twitter.com/AndreCaldeiraa,https://twitter.com/AndreCaldeiraa/status/1576975001252548614
140,2022-10-03 16:34:11+00:00,,"O curso atende diretamente a uma forte demanda do mercado por profissionais capazes de aplicar CiÃªncia de Dados e Machine Learning a problemas reais, seguindo as melhores prÃ¡ticas da Engenharia de Software.",https://twitter.com/dipucrio,https://twitter.com/dipucrio/status/1576973899861938176
141,2022-10-03 16:34:10+00:00,,"Oportunidade! As inscriÃ§Ãµes para a nova turma do curso de extensÃ£o em Engenharia de Software para CiÃªncia de Dados estÃ£o abertas atÃ© o dia 17 de outubro de 2022, data tambÃ©m de inÃ­cio do curso! 

Para se inscrever e ter mais informaÃ§Ãµes, acesse: https://t.co/078mhcmwhV https://t.co/ZO8ZZvEv3j",https://twitter.com/dipucrio,https://twitter.com/dipucrio/status/1576973895101739009
142,2022-10-03 16:18:37+00:00,,"A importÃ¢ncia da CiÃªncia de Dados na era digital https://t.co/X4tvHONLko
@Andela",https://twitter.com/Sing_Comunica,https://twitter.com/Sing_Comunica/status/1576969983749283840
143,2022-10-03 15:11:51+00:00,,@claudioedantas CiÃªncia de dados existe para isto: analisar os dados e inferir. O Lula mante-se na margem de erro que envolve qq anÃ¡lise estatÃ­stica. Com o Bolsonaro houve claro esvaziamento da votaÃ§Ã£o do Ciro -4% (impressiona ver que o Brasileiro nÃ£o sabe distinguir entre goiaba e melancia) e.. https://t.co/w8lB9HdQcr,https://twitter.com/TFSBr,https://twitter.com/TFSBr/status/1576953181749227520
144,2022-10-03 14:38:07+00:00,['Bolsonaro'],"#Bolsonaro Vamos ser sinceros? Se Bolsonaro perder as eleiÃ§Ãµes ele Ã© muito burro, porque teve 4 anos pra esmagar o esquerdismo e nÃ£o fez. Prefere rezar, fazer lives mambembes, motociata ao invÃ©s de investir em TI, ciÃªncia de dados na equipe. Agora o resultado tÃ¡ aÃ­.",https://twitter.com/bruhlickd,https://twitter.com/bruhlickd/status/1576944692532346880
145,2022-10-03 14:23:04+00:00,,"@josuenunes Que pena. FaÃ§o bacharelado em CiÃªncia de Dados e conhecimento Ã© sempre bem vindo.
Mas entendo seu ponto, sexta-feira escrevi uma thread sobre alguns dados interessantes das pesquisas e depois de 30 minutos escrevendo desisti de publicar por motivo semelhante.",https://twitter.com/didio87,https://twitter.com/didio87/status/1576940903964762112
146,2022-10-03 14:19:44+00:00,"['mdcunicamp', 'icunicamp', 'unicamp', 'cienciadedados', 'datascience']","O melhor curso de CiÃªncia de Dados Ã© na Unicamp!
Inscreva-se jÃ¡ e garanta atÃ© R$5.000,00 de desconto:
https://t.co/RiUvaLSppr

Saiba mais sobre os nossos descontos especiais:
https://t.co/vmFwGI469T

#mdcunicamp #icunicamp #unicamp
#cienciadedados #datascience https://t.co/vyRwrI5qYA",https://twitter.com/MDCUnicamp,https://twitter.com/MDCUnicamp/status/1576940066626474003
147,2022-10-03 14:15:54+00:00,,"@GeorgeFraga_ @cornetaeuropa ""A estimativa Ã© o processo de fazer previsÃµes do futuro com base em dados passados â€‹â€‹e presentes e, mais comumente, pela anÃ¡lise de tendÃªncias, atravÃ©s do seu forecasting."" (EstatÃ­stica e CiÃªncia de Dados, 2022).",https://twitter.com/pituvazia,https://twitter.com/pituvazia/status/1576939099205746690
148,2022-10-03 13:58:45+00:00,,"@dimacgarcia VocÃª que se interessa por ciÃªncia de dados. Existe algum dataset sobre o qual hÃ¡ a possibilidade de correlaÃ§Ã£o de votos entre os aliados e o Presidente?
Do tipo que contenha o nÃºmero de votos a cada atualizaÃ§Ã£o.
A base Bolsonarista teve uma votaÃ§Ã£o muito expressiva. NÃ£o custa ver",https://twitter.com/dilinux1022,https://twitter.com/dilinux1022/status/1576934787318546434
149,2022-10-03 13:52:59+00:00,,Esse detalhamento Ã© muito irado! Santa tecnologia e ciÃªncia de dados! https://t.co/uu7i4pn9LG,https://twitter.com/DanielXVeloso,https://twitter.com/DanielXVeloso/status/1576933336014282753
150,2022-10-03 12:43:11+00:00,,"@eduardoafvieira @MWGAlina Eduardo me conhece. Sou de TI.
Apontar a fraude Ã© simples: basta pegar todos os BUs onde deputados e senadores Bolsonaristas venceram, e contar os votos para o Presidentes nas mesmas urnas. 

Trabalho fÃ¡cil de ciÃªncia de dados.",https://twitter.com/JoeSIX2019,https://twitter.com/JoeSIX2019/status/1576915770239438849
151,2022-10-03 12:02:21+00:00,,"Eu amo planilhas, adoro ciÃªncia de dados e respeito todo mundo que trabalha com isso.

Mas nÃ£o estamos nos Estados Unidos. GrÃ¡fico de posicionamento ideolÃ³gico com base em partido nÃ£o funciona.

Para isso, Ã© preciso analisar outras bases. Discurso, votos, posiÃ§Ãµes.",https://twitter.com/lf_ds,https://twitter.com/lf_ds/status/1576905492475318273
152,2022-10-03 10:50:27+00:00,"['programacaocomR', 'Rstudio', 'datascience', 'cienciadedados', 'machinelearning']","Quer vocÃª mesmo fazer a apuraÃ§Ã£o das eleiÃ§Ãµes em tempo real? 

Pois bem! Veja esse vÃ­deo SUPER rÃ¡pido onde eu mostro como eu fiz a apuraÃ§Ã£o da eleiÃ§Ã£o presidencial 2022. 
 #programacaocomR #Rstudio #datascience #cienciadedados #machinelearning 

https://t.co/dNDQccMZ5U",https://twitter.com/ViviArPaz,https://twitter.com/ViviArPaz/status/1576887397937451008
153,2022-10-03 10:50:24+00:00,"['AdministraÃ§Ã£opÃºblica', 'AdministraÃ§Ã£o', 'gestao', 'gestÃ£opÃºblica', 'afo', 'siafi']","ImportÃ¢ncia da CiÃªncia de dados na AdministraÃ§Ã£o PÃºblica.
#AdministraÃ§Ã£opÃºblica
#AdministraÃ§Ã£o 
#gestao 
#gestÃ£opÃºblica
#afo 
#siafi https://t.co/Uc7uz8rYlG",https://twitter.com/camaraajcv,https://twitter.com/camaraajcv/status/1576887385379381248
154,2022-10-03 10:26:50+00:00,"['estatistica', 'eleicoes2022', 'sondagens', 'cienciadedados', 'datascience']","VocÃª jÃ¡ se indagou da discrepÃ¢ncia dos resultados da sondagem para presidente e do resultado? Antes de culpar a estatÃ­stica....

#estatistica #eleicoes2022 #sondagens #cienciadedados #datascience 

https://t.co/E1X438IYEM",https://twitter.com/JorgeGPires,https://twitter.com/JorgeGPires/status/1576881455791153153
155,2022-10-03 03:40:36+00:00,,"@alexandregarcia Tinha que somar os votos desses candidatos e ver qual a diferenÃ§a. Pq a lÃ³gica diz que nÃ£o tem lÃ³gica. 

@cienciadedados @CarambolaTech e todos outros... resolvam esse enigma  kkkkk 

O Brasil nÃ£o Ã© para amadores, e sim para armadores.",https://twitter.com/MeEncontrouNeh,https://twitter.com/MeEncontrouNeh/status/1576779220759777280
156,2022-10-03 03:22:40+00:00,,@fuckmegaga @dbelemlopes Eu nÃ£o preciso de aula de estatÃ­stica. NÃ£o Ã© meu trabalho fazer anÃ¡lise de dados. Quem deveria fazer e com maestria errou feio. E minha crÃ­tica Ã© p o bem desses institutos e da ciÃªncia de dados q agora serÃ£o devorados pelo bolsonarismo.,https://twitter.com/pablogomesfde,https://twitter.com/pablogomesfde/status/1576774708866867200
157,2022-10-03 02:58:11+00:00,,"@_mariagigi Eu diria que Ã© melhor continuar na fÃ­sica (como fÃ­sica vc pode trabalhar com ciÃªncia de dados e outras coisas na indÃºstria que dÃ£o um dinheiro bom, inclusive com economistas). Ã‰ sÃ³ vc ficar mais aberta a trabalhar fora da academia. Engenharia tÃ¡ com perspectiva de emprego pior",https://twitter.com/8stringtheorist,https://twitter.com/8stringtheorist/status/1576768549162713088
158,2022-10-03 02:49:51+00:00,,@vinicius_wu Eu estou com este mesmo pensamento. Estava considerando a ciÃªncia de dados eleitorais. Impressionante!,https://twitter.com/ViniciusZaca,https://twitter.com/ViniciusZaca/status/1576766449397698560
159,2022-10-03 02:43:33+00:00,,"(+) NÃ£o existe ciÃªncia de dados descolada de pesquisa de base em ciÃªncias sociais. CiÃªncias sociais servem pra gente entender como raios as relaÃ§Ãµes sociais, de trabalho, familiares, econÃ´micas, morais etc. estÃ£o mudando. Sem isso Ã± temos informaÃ§Ãµes pra ajustar cÃ¡lculo nenhum(+)",https://twitter.com/MariliaMoscou,https://twitter.com/MariliaMoscou/status/1576764867020615680
160,2022-10-03 02:43:28+00:00,,"@temqacabaomundo Ai mds ja vi quem vai me socorrer bem nessa materia q vou ter agora, ciencia de dados",https://twitter.com/ior_gut,https://twitter.com/ior_gut/status/1576764843138240512
161,2022-10-03 01:36:51+00:00,,"@pedro_salis Irreal atÃ© olhar matemÃ¡tica estatÃ­stica e ciÃªncia de dados, nÃ£o gere uma opiniÃ£o fato sem conter toda a base precisa",https://twitter.com/Gotikozzy,https://twitter.com/Gotikozzy/status/1576748078245171200
162,2022-10-03 01:35:48+00:00,,"@Edgaard5 CiÃªncia de dados mano a galera tÃ¡ emocional, falei de dados o erro foi sÃ³ de 5 pontos para Bolsonaro considerando os 2 a+ e 2 a - Ã© altamente acertivo, pesquisa nÃ£o Ã© certeza Ã© probabilidade, enfim em um DLSS chegar a 90% de acertividade sÃ£o uns 20fps entende o conceito?",https://twitter.com/Gotikozzy,https://twitter.com/Gotikozzy/status/1576747817791803393
163,2022-10-03 01:30:29+00:00,,"@PastorCabral Ã‰ impressionante como errar na â€œciÃªncia de dadosâ€ nÃ£o traz nenhuma consequÃªncia!
Parece aposta de mesa de bar.",https://twitter.com/agstmarques,https://twitter.com/agstmarques/status/1576746476084301825
164,2022-10-03 00:44:31+00:00,,@FJCalheiros Probabilidade e disso que Ã© feito a ciÃªncia de dados,https://twitter.com/Gotikozzy,https://twitter.com/Gotikozzy/status/1576734909452144640
165,2022-10-02 23:35:04+00:00,,O que eu disse a respeito de trabalhos na Ã¡rea de ciÃªncia de dados sobre os erros nas pesquisas? JÃ¡ estÃ¡ todo mundo questionando...,https://twitter.com/Anaclaudia_mat,https://twitter.com/Anaclaudia_mat/status/1576717432919855106
166,2022-10-02 23:18:18+00:00,,@thatguyfromtt_ Eu estudo ciencia de dados ğŸ¥°,https://twitter.com/Dr34mD0ll,https://twitter.com/Dr34mD0ll/status/1576713213714255872
167,2022-10-02 23:10:45+00:00,,e se preparem pra ver bolsonarista duvidar ainda mais abertamente de pesquisa e de ciÃªncia de dados depois desse resultado tÃ£o prÃ³ximo e chocante,https://twitter.com/wrecksmyplans,https://twitter.com/wrecksmyplans/status/1576711312683331591
168,2022-10-02 23:10:08+00:00,,"@DaniloGentili No meu voluntariado, no quiz de estatÃ­stica que faÃ§o, sempre questiono a gurizada o momento de parar a pesquisa pra ciÃªncia de dados. Sempre tem um que seleciona a opÃ§Ã£o â€œquando prova aquilo que quero comprovarâ€ ğŸ˜‚",https://twitter.com/cristianekw,https://twitter.com/cristianekw/status/1576711156420386816
169,2022-10-02 23:00:10+00:00,,eu largo a ciÃªncia de dados vei eu largo pesquisa estatÃ­stica vcs nÃ£o me tentem nÃ£o,https://twitter.com/sunflovverss,https://twitter.com/sunflovverss/status/1576708650638270465
170,2022-10-02 22:48:11+00:00,,Ã© por isso que tÃ´ fazendo faculdade de ciÃªncia de dados pra poder sair do paÃ­s,https://twitter.com/tudoguei,https://twitter.com/tudoguei/status/1576705634094833664
171,2022-10-02 22:20:59+00:00,,O que vai ter trabalhos na Ã¡rea de estatÃ­stica e ciÃªncia de dados analisando onde as pesquisas erraram nÃ£o Ã© brincadeira...,https://twitter.com/Anaclaudia_mat,https://twitter.com/Anaclaudia_mat/status/1576698787992547328
172,2022-10-02 21:46:42+00:00,,"vou seguir firme com meu java mas que estatÃ­stica/ciÃªncia de dados Ã© foda Ã© a mais pura verdade, a eleiÃ§Ã£o brasileira tÃ¡ aÃ­ pra provar isso",https://twitter.com/isrwella,https://twitter.com/isrwella/status/1576690161567469568
173,2022-10-02 21:21:31+00:00,"['tweet', 'estudos', 'cienciadedados']",@gzanlorenssi @SaveToNotion #tweet #estudos #cienciadedados,https://twitter.com/vinnaum,https://twitter.com/vinnaum/status/1576683822476689409
174,2022-10-02 21:08:15+00:00,,Como um adonairados da ciÃªncia de dados estou apaixonado por esse mapa de apuraÃ§Ã£o todo coloridoâ€¦ foda!,https://twitter.com/Lil_John97,https://twitter.com/Lil_John97/status/1576680483903053824
175,2022-10-02 21:05:45+00:00,,Renata Lo Prete Ã© ciencia de dados,https://twitter.com/alexrothier,https://twitter.com/alexrothier/status/1576679855575425024
176,2022-10-02 20:59:56+00:00,"['events', 'brazil', 'cienciadedados', 'ficaadica', 'tech', 'bolhadev', 'cloud', 'bigdata', 'devops', 'tech']","Confira o artigo mais recente da minha newsletter: Next Data Super Events Detection: Lets Go!  :) 

#events #brazil #cienciadedados #ficaadica #tech #bolhadev #cloud #bigdata #devops #tech 

@googledevs @neo4j 
https://t.co/aEpXUtWcuq via @LinkedIn",https://twitter.com/jlgjosue,https://twitter.com/jlgjosue/status/1576678393369620486
177,2022-10-02 15:08:39+00:00,,"@Lanchesmadrugao @brunomoraes_fla @VictorGonz_77 Esse institutos de pesquisa nÃ£o trabalham sÃ³ em Ã©poca de polÃ­tica, eles fazem pesquisa para empresas sobre pÃºblico, clientes, mercado o ano  todo vc acha que ele nÃ£o querem credibilidade pra vender seus serviÃ§os. Os caras usam metodologias de pesquisa baseada em ciÃªncia de dados.",https://twitter.com/FlvioDutra16,https://twitter.com/FlvioDutra16/status/1576589986241077248
178,2022-10-02 11:04:35+00:00,,"@pachicodes @dii_lua @camelouu @isanortontech TambÃ©m tÃ´ estudando a Ã¡rea de ciÃªncia de dados, comecei com powerbi, depois que terminar vou pra python",https://twitter.com/VictorS21234,https://twitter.com/VictorS21234/status/1576528568636825600
179,2022-10-02 10:17:10+00:00,,"@brunomoraes_fla @VictorGonz_77 Eu sou da Ã¡rea de dados, isso Ã© ciÃªncia de dados , toda pesquisa Ã© feita com uma amostra ,  vc acha que quando testam um medicamento eles dÃ£o pra 8 bilhÃµes de pessoas. Quando vc quer pesquisar algo vc pega uma amostra do todo com um critÃ©rio cientÃ­fico",https://twitter.com/FlvioDutra16,https://twitter.com/FlvioDutra16/status/1576516633132253187
180,2022-10-02 02:18:43+00:00,,"@tropicjacobite Eu estudei Bauman numa matÃ©ria encheÃ§Ã£o de linguiÃ§a de ciÃªncia de dados, tbm nunca li, sÃ³ que dÃ¡ pra observar que existem npcs que mudam suas relaÃ§Ãµes toda hora de acordo com a pressÃ£o do cÃ­rculo.",https://twitter.com/tdninja15,https://twitter.com/tdninja15/status/1576396228803584001
181,2022-10-01 21:41:44+00:00,,"CiÃªncia de dados ğŸ‘©ğŸ½â€ğŸ’»e inteligÃªncia artificial ğŸ¤–sÃ£o a eletricidade ğŸ’¡do sÃ©culo 21! Pesquisador explica o uso do data science no dia a dia em mesa-redonda do Festival da MatemÃ¡tica. Ãšltimo dia do evento acontece hoje na â›µ Marina da GlÃ³ria, no Rio. https://t.co/s09kKe3yZj",https://twitter.com/IMPAOficial,https://twitter.com/IMPAOficial/status/1576326523128205312
182,2022-10-01 19:24:10+00:00,"['BusinessIntelligence', 'CiÃªnciadeDados', 'Python', 'InteligÃªnciaArtificial']","Business Intelligence com Python - Caso Crepes Chineses 
#BusinessIntelligence #CiÃªnciadeDados #Python #InteligÃªnciaArtificial
 https://t.co/GkSCYYpyyu",https://twitter.com/mathematrix,https://twitter.com/mathematrix/status/1576291903527858176
183,2022-10-01 19:12:44+00:00,,"@ex_jnoar Eu hj to atuando com power bi e salesforce, n eh bemmm ciencia de dados, mas ta ali kkkkk",https://twitter.com/ex_Anituber,https://twitter.com/ex_Anituber/status/1576289026352369665
184,2022-10-01 18:26:13+00:00,,"NÃ£o consigo gostar de CiÃªncia de Dados de jeito nenhum, Ã© uma Ã¡rea que nÃ£o me desperta interesse algum em me aprofundar",https://twitter.com/ex_jnoar,https://twitter.com/ex_jnoar/status/1576277320360333312
185,2022-10-01 17:49:04+00:00,,"ğŸ” Suas pesquisas sÃ£o voltadas para as Ã¡reas de CiÃªncia de Dados, VisualizaÃ§Ã£o e ComputaÃ§Ã£o GeomÃ©trica. Com mais de 180 artigos publicados, seu interesse Ã© preencher a lacuna entre a academia, indÃºstria e governos, liderando uma sÃ©rie de iniciativas.",https://twitter.com/cepidcemeai,https://twitter.com/cepidcemeai/status/1576267971194163200
186,2022-10-01 14:39:38+00:00,,"ESPM lanÃ§a laboratÃ³rio de pesquisa, ciÃªncia de dados e comunicaÃ§Ã£o midiÃ¡tica

https://t.co/EFLM93qSKU https://t.co/Rp0ew4Pgbf",https://twitter.com/VPPublicitando,https://twitter.com/VPPublicitando/status/1576220297245601792
187,2022-10-01 14:37:43+00:00,,"@Raissaaaa2 Se eu faÃ§o uma pesquisa usando ciÃªncia de dados em Python por exemplo, ia poder minerar melhor os dados e mostrar o Dashboard que nem esse que mostra aÃ­ na enquete. 

O ponto Ã© usar a internet pra mostrar mesmo a intenÃ§Ã£o",https://twitter.com/soumarcosh,https://twitter.com/soumarcosh/status/1576219813927874561
188,2022-10-01 13:23:20+00:00,,"@torcidatricolor InteligÃªncia artificial e ciÃªncia de dados meu amigo, o celular observa e ouve tudo que vc faz e fala, pra desativar isso tem que ir em opÃ§Ãµes e desativar o Google assistente que come uma bateria federal",https://twitter.com/didissj6,https://twitter.com/didissj6/status/1576201096778817536
189,2022-10-01 11:25:39+00:00,,"@DSFontes Esse debate eu nunca vi. AtÃ© onde eu sei, que a palavra vem de estado e se referia a coleta e apresentaÃ§Ã£o de dados de um paÃ­s. AtÃ© aÃ­, nÃ£o vi um link direto a algo tÃ£o ruim qto o eugenismo. (Mas talvez a galera do Novo prefira mesmo ciÃªncia de dados.)",https://twitter.com/leosbastos,https://twitter.com/leosbastos/status/1576171479917809664
190,2022-10-01 10:26:30+00:00,,@htpbrubs ciÃªncia de dadosğŸ˜,https://twitter.com/taynarossauro,https://twitter.com/taynarossauro/status/1576156596970745856
191,2022-10-01 03:17:42+00:00,,"@paulodisfarce cara entÃ£o, biblioteconomia Ã© a ciencia ''mÃ£e'' da ciencia da informaÃ§Ã£o, q Ã© da onde vem a ciencia de dados tecnologia da informaÃ§Ã£o e etc. 
na unirio eu tem o ciclo bÃ¡sico de biblio e dps pode escolher entre 3 eixos&gt; gestao de dados, memÃ³ria social ou Tecnologia da informaÃ§Ã£o+",https://twitter.com/_mazela,https://twitter.com/_mazela/status/1576048683044417537
192,2022-10-01 00:57:55+00:00,,@danilucca1605 @Pedro_Barciela @FabioCesarNeves @claytonpmiranda Chora guerreiro ! Contra a ciÃªncia de dados tbm. ? Kkkkk,https://twitter.com/alessferreira1,https://twitter.com/alessferreira1/status/1576013505555492864
193,2022-10-01 00:08:09+00:00,,direito ou ciÃªncia da computaÃ§Ã£o/ciÃªncia de dados! https://t.co/hE24UCXXSY,https://twitter.com/neptsstudies,https://twitter.com/neptsstudies/status/1576000980524539904
